Time [Hr:Min:Sec],Neph [ug/cm^3]
13:04:10,2.924
13:04:20,5.851
13:04:30,5.846
13:04:40,5.855
13:04:50,5.845
13:05:00,5.847
13:05:10,5.847
13:05:20,5.852
13:05:30,5.846
13:05:40,5.85
13:05:50,5.844
13:06:00,8.767
13:06:10,5.85
13:06:20,8.773
13:06:30,8.775
13:06:40,5.841
13:06:50,2.924
13:07:00,8.77
13:07:10,5.847
13:07:20,8.764
13:07:30,5.844
13:07:40,11.711
13:07:50,5.846
13:08:00,2.919
13:08:10,8.769
13:08:20,8.767
13:08:30,17.517
13:08:40,5.85
13:08:50,20.454
13:09:00,14.602
13:09:10,17.526
13:09:20,5.836
13:09:30,2.919
13:09:40,14.6
13:09:50,14.597
13:10:00,14.585
13:10:10,8.757
13:10:20,5.832
13:10:30,5.838
13:10:40,17.518
13:10:50,8.751
13:11:00,11.676
13:11:10,11.676
13:11:20,5.836
13:11:30,17.501
13:11:40,8.751
13:11:50,5.83
13:12:00,5.831
13:12:10,8.743
13:12:20,11.663
13:12:30,5.836
13:12:40,11.648
13:12:50,8.747
13:13:00,8.737
13:13:10,8.738
13:13:20,11.665
13:13:30,17.488
13:13:40,11.648
13:13:50,14.558
13:14:00,14.564
13:14:10,8.747
13:14:20,14.559
13:14:30,8.732
13:14:40,8.735
13:14:50,14.555
13:15:00,17.484
13:15:10,14.544
13:15:20,14.568
13:15:30,17.472
13:15:40,11.654
13:15:50,17.482
13:16:00,14.589
13:16:10,17.464
13:16:20,26.191
13:16:30,14.562
13:16:40,5.824
13:16:50,5.824
13:17:00,11.636
13:17:10,11.642
13:17:20,11.635
13:17:30,8.725
13:17:40,5.822
13:17:50,14.548
13:18:00,14.544
13:18:10,8.731
13:18:20,14.553
13:18:30,14.553
13:18:40,14.556
13:18:50,14.553
13:19:00,11.642
13:19:10,29.063
13:19:20,20.344
13:19:30,11.635
13:19:40,11.638
13:19:50,11.622
13:20:00,14.549
13:20:10,8.717
13:20:20,17.453
13:20:30,29.054
13:20:40,23.236
13:20:50,14.541
13:21:00,17.449
13:21:10,29.031
13:21:20,11.62
13:21:30,14.521
13:21:40,11.619
13:21:50,14.523
13:22:00,8.715
13:22:10,8.714
13:22:20,20.316
13:22:30,69.723
13:22:40,78.476
13:22:50,29.071
13:23:00,31.969
13:23:10,20.328
13:23:20,20.344
13:23:30,20.322
13:23:40,20.322
13:23:50,29.054
13:24:00,20.326
13:24:10,26.146
13:24:20,23.243
13:24:30,20.297
13:24:40,26.136
13:24:50,26.123
13:25:00,20.306
13:25:10,23.223
13:25:20,26.138
13:25:30,20.322
13:25:40,20.304
13:25:50,20.306
13:26:00,23.209
13:26:10,29.011
13:26:20,34.806
13:26:30,23.227
13:26:40,20.297
13:26:50,20.324
13:27:00,20.314
13:27:10,20.324
13:27:20,17.401
13:27:30,29.025
13:27:40,23.204
13:27:50,28.99
13:28:00,17.42
13:28:10,17.412
13:28:20,17.396
13:28:30,20.322
13:28:40,31.925
13:28:50,17.394
13:29:00,17.398
13:29:10,17.396
13:29:20,20.318
13:29:30,14.503
13:29:40,17.414
13:29:50,20.293
13:30:00,14.494
13:30:10,17.394
13:30:20,17.387
13:30:30,17.394
13:30:40,14.508
13:30:50,14.513
13:31:00,14.48
13:31:10,17.405
13:31:20,49.328
13:31:30,14.497
13:31:40,14.501
13:31:50,14.504
13:32:00,17.41
13:32:10,14.501
13:32:20,11.596
13:32:30,14.5
13:32:40,69.548
13:32:50,14.488
13:33:00,14.503
13:33:10,11.602
13:33:20,17.385
13:33:30,14.485
13:33:40,17.385
13:33:50,17.382
13:34:00,20.266
13:34:10,20.295
13:34:20,17.383
13:34:30,17.391
13:34:40,14.497
13:34:50,17.378
13:35:00,17.385
13:35:10,31.893
13:35:20,20.287
13:35:30,20.293
13:35:40,17.373
13:35:50,23.19
13:36:00,17.387
13:36:10,17.391
13:36:20,20.266
13:36:30,17.36
13:36:40,20.281
13:36:50,17.373
13:37:00,23.183
13:37:10,23.159
13:37:20,26.051
13:37:30,23.176
13:37:40,20.255
13:37:50,20.257
13:38:00,20.262
13:38:10,20.255
13:38:20,20.262
13:38:30,17.365
13:38:40,23.144
13:38:50,28.978
13:39:00,40.566
13:39:10,37.66
13:39:20,49.248
13:39:30,49.243
13:39:40,63.653
13:39:50,49.197
13:40:00,52.068
13:40:10,55.025
13:40:20,46.283
13:40:30,43.223
13:40:40,37.621
13:40:50,34.763
13:41:00,34.76
13:41:10,40.557
13:41:20,46.332
13:41:30,52.068
13:41:40,54.99
13:41:50,60.823
13:42:00,69.476
13:42:10,95.438
13:42:20,63.693
13:42:30,60.83
13:42:40,55.019
13:42:50,43.413
13:43:00,312.838
13:43:10,162.008
13:43:20,144.802
13:43:30,254.557
13:43:40,225.702
13:43:50,231.538
13:44:00,251.85
13:44:10,373.512
13:44:20,448.271
13:44:30,266.297
13:44:40,213.898
13:44:50,182.432
13:45:00,289.3
13:45:10,538.212
13:45:20,399.529
13:45:30,358.921
13:45:40,523.633
13:45:50,324.187
13:46:00,260.562
13:46:10,237.099
13:46:20,193.748
13:46:30,214.105
13:46:40,133.148
13:46:50,110.015
13:47:00,103.991
13:47:10,138.7
13:47:20,202.638
13:47:30,164.795
13:47:40,196.849
13:47:50,199.532
13:48:00,202.596
13:48:10,205.227
13:48:20,213.967
13:48:30,199.381
13:48:40,239.913
13:48:50,141.817
13:49:00,135.825
13:49:10,156.321
13:49:20,193.872
13:49:30,244.01
13:49:40,228.376
13:49:50,214.15
13:50:00,216.929
13:50:10,202.293
13:50:20,176.529
13:50:30,164.936
13:50:40,257.089
13:50:50,225.726
13:51:00,216.812
13:51:10,248.395
13:51:20,231.217
13:51:30,257.504
13:51:40,208.274
13:51:50,193.81
13:52:00,153.148
13:52:10,141.589
13:52:20,153.345
13:52:30,132.949
13:52:40,167.614
13:52:50,141.772
13:53:00,98.181
13:53:10,86.808
13:53:20,80.961
13:53:30,92.576
13:53:40,98.256
13:53:50,109.934
13:54:00,135.971
13:54:10,161.764
13:54:20,159.013
13:54:30,153.214
13:54:40,161.799
13:54:50,161.44
13:55:00,190.938
13:55:10,185.152
13:55:20,135.81
13:55:30,158.84
13:55:40,144.588
13:55:50,141.681
13:56:00,158.944
13:56:10,176.207
13:56:20,161.973
13:56:30,135.81
13:56:40,158.91
13:56:50,150.404
13:57:00,153.28
13:57:10,164.452
13:57:20,207.959
13:57:30,184.913
13:57:40,130.143
13:57:50,181.964
13:58:00,167.668
13:58:10,173.45
13:58:20,150.258
13:58:30,170.614
13:58:40,205.249
13:58:50,210.847
13:59:00,196.682
13:59:10,179.095
13:59:20,179.232
13:59:30,173.261
13:59:40,216.789
13:59:50,202.423
14:00:00,202.423
14:00:10,185.112
14:00:20,184.792
14:00:30,170.522
14:00:40,179.328
14:00:50,135.854
14:01:00,153.214
14:01:10,176.322
14:01:20,193.368
14:01:30,135.751
14:01:40,138.624
14:01:50,161.869
14:02:00,147.24
14:02:10,158.557
14:02:20,173.356
14:02:30,158.805
14:02:40,158.84
14:02:50,138.745
14:03:00,121.175
14:03:10,141.45
14:03:20,176.473
14:03:30,176.207
14:03:40,159.03
14:03:50,138.685
14:04:00,187.843
14:04:10,185.073
14:04:20,170.614
14:04:30,150.093
14:04:40,127.044
14:04:50,135.884
14:05:00,118.317
14:05:10,150.127
14:05:20,161.852
14:05:30,138.775
14:05:40,109.852
14:05:50,101.08
14:06:00,80.855
14:06:10,115.469
14:06:20,129.917
14:06:30,124.074
14:06:40,161.887
14:06:50,167.596
14:07:00,158.788
14:07:10,161.71
14:07:20,161.852
14:07:30,132.745
14:07:40,126.974
14:07:50,121.428
14:08:00,112.981
14:08:10,124.143
14:08:20,130.073
14:08:30,104.07
14:08:40,127.142
14:08:50,132.804
14:09:00,124.157
14:09:10,147.336
14:09:20,126.917
14:09:30,109.792
14:09:40,124.143
14:09:50,106.75
14:10:00,115.469
14:10:10,115.596
14:10:20,118.382
14:10:30,129.831
14:10:40,115.596
14:10:50,92.386
14:11:00,86.583
14:11:10,75.047
14:11:20,92.477
14:11:30,86.631
14:11:40,98.16
14:11:50,118.498
14:12:00,95.209
14:12:10,83.743
14:12:20,106.914
14:12:30,77.976
14:12:40,106.809
14:12:50,144.321
14:13:00,112.657
14:13:10,130.073
14:13:20,144.337
14:13:30,141.45
14:13:40,118.343
14:13:50,98.127
14:14:00,89.449
14:14:10,95.262
14:14:20,101.124
14:14:30,106.938
14:14:40,103.945
14:14:50,129.888
14:15:00,141.465
14:15:10,118.46
14:15:20,103.899
14:15:30,106.773
14:15:40,106.702
14:15:50,106.926
14:16:00,101.036
14:16:10,112.644
14:16:20,92.345
14:16:30,89.587
14:16:40,83.706
14:16:50,98.256
14:17:00,109.756
14:17:10,83.687
14:17:20,95.304
14:17:30,106.926
14:17:40,115.571
14:17:50,124.06
14:18:00,127.002
14:18:10,112.545
14:18:20,92.365
14:18:30,106.762
14:18:40,101.091
14:18:50,80.855
14:19:00,80.802
14:19:10,69.22
14:19:20,69.312
14:19:30,72.168
14:19:40,106.629
14:19:50,92.251
14:20:00,98.116
14:20:10,89.499
14:20:20,101.069
14:20:30,127.03
14:20:40,92.396
14:20:50,80.908
14:21:00,75.03
14:21:10,86.602
14:21:20,106.809
14:21:30,112.681
14:21:40,147.223
14:21:50,129.802
14:22:00,121.362
14:22:10,98.246
14:22:20,109.561
14:22:30,147.141
14:22:40,123.991
14:22:50,164.598
14:23:00,129.229
14:23:10,129.888
14:23:20,138.393
14:23:30,124.225
14:23:40,152.895
14:23:50,147.174
14:24:00,124.252
14:24:10,118.264
14:24:20,138.517
14:24:30,132.596
14:24:40,129.874
14:24:50,118.343
14:25:00,118.303
14:25:10,95.209
14:25:20,77.95
14:25:30,63.487
14:25:40,49.165
14:25:50,89.577
14:26:00,144.4
14:26:10,103.876
14:26:20,83.789
14:26:30,115.495
14:26:40,121.243
14:26:50,118.46
14:27:00,109.78
14:27:10,89.429
14:27:20,135.616
14:27:30,115.52
14:27:40,126.931
14:27:50,152.929
14:28:00,118.317
14:28:10,95.145
14:28:20,106.773
14:28:30,129.802
14:28:40,89.489
14:28:50,63.48
14:29:00,72.152
14:29:10,89.557
14:29:20,118.29
14:29:30,123.949
14:29:40,63.473
14:29:50,54.774
14:30:00,46.208
14:30:10,54.878
14:30:20,78.002
14:30:30,106.903
14:30:40,132.819
14:30:50,147.174
14:31:00,106.654
14:31:10,129.831
14:31:20,170.355
14:31:30,132.863
14:31:40,149.875
14:31:50,155.037
14:32:00,141.512
14:32:10,121.323
14:32:20,158.575
14:32:30,132.819
14:32:40,132.716
14:32:50,100.911
14:33:00,95.304
14:33:10,121.162
14:33:20,112.469
14:33:30,112.669
14:33:40,115.456
14:33:50,124.019
14:34:00,92.324
14:34:10,83.659
14:34:20,123.963
14:34:30,104.07
14:34:40,98.072
14:34:50,129.802
14:35:00,115.405
14:35:10,129.946
14:35:20,124.06
14:35:30,127.058
14:35:40,103.899
14:35:50,127.03
14:36:00,144.224
14:36:10,135.616
14:36:20,118.25
14:36:30,115.456
14:36:40,106.88
14:36:50,147.109
14:37:00,158.77
14:37:10,112.632
14:37:20,138.624
14:37:30,89.528
14:37:40,89.409
14:37:50,72.088
14:38:00,80.864
14:38:10,80.846
14:38:20,98.181
14:38:30,115.156
14:38:40,106.797
14:38:50,135.571
14:39:00,133.57
14:39:10,126.931
14:39:20,92.365
14:39:30,77.881
14:39:40,80.864
14:39:50,89.399
14:40:00,98.028
14:40:10,100.889
14:40:20,121.216
14:40:30,89.528
14:40:40,77.855
14:40:50,101.058
14:41:00,89.518
14:41:10,77.942
14:41:20,74.971
14:41:30,83.641
14:41:40,80.756
14:41:50,112.545
14:42:00,103.853
14:42:10,100.946
14:42:20,86.573
14:42:30,86.602
14:42:40,106.69
14:42:50,129.946
14:43:00,100.9
14:43:10,92.209
14:43:20,98.05
14:43:30,138.594
14:43:40,112.457
14:43:50,112.595
14:44:00,124.033
14:44:10,141.292
14:44:20,103.911
14:44:30,124.198
14:44:40,153.064
14:44:50,164.304
14:45:00,130.045
14:45:10,109.635
14:45:20,92.283
14:45:30,103.957
14:45:40,121.269
14:45:50,126.889
14:46:00,135.706
14:46:10,95.304
14:46:20,135.616
14:46:30,106.678
14:46:40,132.745
14:46:50,124.088
14:47:00,72.168
14:47:10,37.494
14:47:20,37.49
14:47:30,161.495
14:47:40,115.469
14:47:50,135.51
14:48:00,103.853
14:48:10,112.607
14:48:20,72.144
14:48:30,86.592
14:48:40,34.602
14:48:50,129.874
14:49:00,135.54
14:49:10,92.283
14:49:20,181.64
14:49:30,193.217
14:49:40,109.573
14:49:50,132.566
14:50:00,121.309
14:50:10,28.842
14:50:20,46.099
14:50:30,57.657
14:50:40,72.088
14:50:50,141.434
14:51:00,121.296
14:51:10,66.402
14:51:20,60.526
14:51:30,63.444
14:51:40,40.342
14:51:50,51.903
14:52:00,51.932
14:52:10,54.756
14:52:20,40.414
14:52:30,60.621
14:52:40,49.02
14:52:50,49.025
14:53:00,40.342
14:53:10,54.848
14:53:20,57.637
14:53:30,49.08
14:53:40,37.494
14:53:50,51.967
14:54:00,40.319
14:54:10,49.074
14:54:20,40.383
14:54:30,46.152
14:54:40,43.253
14:54:50,46.203
14:55:00,37.464
14:55:10,34.629
14:55:20,28.832
14:55:30,28.838
14:55:40,40.419
14:55:50,37.481
14:56:00,43.301
14:56:10,40.369
14:56:20,46.172
14:56:30,51.886
14:56:40,31.754
14:56:50,46.094
14:57:00,34.598
14:57:10,40.351
14:57:20,37.481
14:57:30,28.835
14:57:40,31.715
14:57:50,37.481
14:58:00,51.874
14:58:10,28.87
14:58:20,28.838
14:58:30,34.633
14:58:40,37.515
14:58:50,34.648
14:59:00,25.969
14:59:10,31.715
14:59:20,25.963
14:59:30,25.957
14:59:40,37.273
14:59:50,34.629
15:00:00,25.949
15:00:10,23.052
15:00:20,28.838
15:00:30,17.297
15:00:40,17.299
15:00:50,25.952
15:01:00,34.586
15:01:10,28.832
15:01:20,23.086
15:01:30,23.047
15:01:40,20.182
15:01:50,23.094
15:02:00,25.949
15:02:10,23.096
15:02:20,28.861
15:02:30,17.291
15:02:40,31.74
15:02:50,23.073
15:03:00,25.952
15:03:10,23.099
15:03:20,23.044
15:03:30,14.432
15:03:40,17.297
15:03:50,23.094
15:04:00,14.435
15:04:10,20.295
15:04:20,23.071
15:04:30,17.135
15:04:40,20.205
15:04:50,32.015
15:05:00,20.187
15:05:10,28.845
15:05:20,37.486
15:05:30,17.322
15:05:40,23.065
15:05:50,23.055
15:06:00,25.978
15:06:10,25.966
15:06:20,40.387
15:06:30,25.954
15:06:40,25.986
15:06:50,20.178
15:07:00,28.861
15:07:10,28.861
15:07:20,23.065
15:07:30,37.498
15:07:40,20.189
15:07:50,25.963
15:08:00,31.697
15:08:10,20.2
15:08:20,23.065
15:08:30,28.819
15:08:40,25.952
15:08:50,31.719
15:09:00,28.835
15:09:10,25.943
15:09:20,23.044
15:09:30,25.94
15:09:40,23.063
15:09:50,23.073
15:10:00,23.081
15:10:10,28.948
15:10:20,31.722
15:10:30,34.563
15:10:40,23.063
15:10:50,25.94
15:11:00,40.387
15:11:10,40.387
15:11:20,43.238
15:11:30,31.704
15:11:40,28.854
15:11:50,25.978
15:12:00,23.055
15:12:10,28.854
15:12:20,23.05
15:12:30,25.937
15:12:40,25.922
15:12:50,20.371
15:13:00,28.835
15:13:10,25.937
15:13:20,28.806
15:13:30,28.825
15:13:40,23.268
15:13:50,23.042
15:14:00,34.579
15:14:10,34.633
15:14:20,37.515
15:14:30,28.835
15:14:40,28.822
15:14:50,31.74
15:15:00,28.822
15:15:10,25.928
15:15:20,28.874
15:15:30,28.858
15:15:40,37.515
15:15:50,31.751
15:16:00,23.086
15:16:10,28.829
15:16:20,25.972
15:16:30,25.966
15:16:40,34.59
15:16:50,23.078
15:17:00,31.736
15:17:10,37.477
15:17:20,34.586
15:17:30,57.754
15:17:40,43.243
15:17:50,43.277
15:18:00,37.507
15:18:10,23.089
15:18:20,28.819
15:18:30,34.579
15:18:40,31.747
15:18:50,31.778
15:19:00,37.473
15:19:10,40.401
15:19:20,43.272
15:19:30,49.009
15:19:40,40.405
15:19:50,31.69
15:20:00,34.625
15:20:10,46.162
15:20:20,37.477
15:20:30,46.172
15:20:40,43.296
15:20:50,43.233
15:21:00,28.858
15:21:10,31.733
15:21:20,37.456
15:21:30,49.003
15:21:40,54.774
15:21:50,34.618
15:22:00,37.477
15:22:10,28.832
15:22:20,28.809
15:22:30,31.729
15:22:40,28.829
15:22:50,31.751
15:23:00,28.867
15:23:10,31.657
15:23:20,25.94
15:23:30,20.2
15:23:40,23.086
15:23:50,23.091
15:24:00,23.089
15:24:10,28.864
15:24:20,40.396
15:24:30,37.515
15:24:40,25.949
15:24:50,25.983
15:25:00,37.494
15:25:10,49.042
15:25:20,34.602
15:25:30,52.074
15:25:40,34.559
15:25:50,51.903
15:26:00,37.481
15:26:10,34.633
15:26:20,34.641
15:26:30,23.06
15:26:40,31.708
15:26:50,34.641
15:27:00,37.502
15:27:10,25.94
15:27:20,34.618
15:27:30,49.053
15:27:40,28.848
15:27:50,31.693
15:28:00,31.743
15:28:10,28.819
15:28:20,17.354
15:28:30,17.324
15:28:40,25.954
15:28:50,31.722
15:29:00,28.864
15:29:10,37.519
15:29:20,23.091
15:29:30,20.209
15:29:40,25.978
15:29:50,25.943
15:30:00,17.295
15:30:10,14.411
15:30:20,20.209
15:30:30,23.047
15:30:40,20.212
15:30:50,20.178
15:31:00,25.978
15:31:10,28.822
15:31:20,25.943
15:31:30,25.949
15:31:40,20.182
15:31:50,20.178
15:32:00,23.091
15:32:10,34.629
15:32:20,25.957
15:32:30,31.754
15:32:40,28.829
15:32:50,25.981
15:33:00,49.08
15:33:10,28.835
15:33:20,25.937
15:33:30,28.854
15:33:40,28.87
15:33:50,28.838
15:34:00,17.317
15:34:10,20.175
15:34:20,17.315
15:34:30,14.432
15:34:40,17.297
15:34:50,20.2
15:35:00,25.978
15:35:10,23.068
15:35:20,23.094
15:35:30,20.194
15:35:40,17.281
15:35:50,17.318
15:36:00,14.421
15:36:10,23.063
15:36:20,37.617
15:36:30,25.963
15:36:40,31.758
15:36:50,31.761
15:37:00,49.08
15:37:10,28.832
15:37:20,31.704
15:37:30,23.063
15:37:40,31.715
15:37:50,34.648
15:38:00,25.983
15:38:10,23.065
15:38:20,20.171
15:38:30,23.099
15:38:40,20.207
15:38:50,20.2
15:39:00,20.182
15:39:10,20.185
15:39:20,25.989
15:39:30,23.063
15:39:40,25.986
15:39:50,25.952
15:40:00,34.645
15:40:10,28.854
15:40:20,34.598
15:40:30,34.598
15:40:40,34.629
15:40:50,23.06
15:41:00,23.096
15:41:10,25.978
15:41:20,17.309
15:41:30,17.32
15:41:40,14.411
15:41:50,20.203
15:42:00,20.189
15:42:10,28.864
15:42:20,31.754
15:42:30,20.205
15:42:40,17.299
15:42:50,31.758
15:43:00,31.747
15:43:10,34.648
15:43:20,34.614
15:43:30,37.523
15:43:40,23.05
15:43:50,34.641
15:44:00,28.867
15:44:10,43.198
15:44:20,23.071
15:44:30,20.18
15:44:40,23.068
15:44:50,25.952
15:45:00,25.983
15:45:10,23.071
15:45:20,20.212
15:45:30,25.963
15:45:40,25.983
15:45:50,31.715
15:46:00,20.209
15:46:10,25.952
15:46:20,17.295
15:46:30,11.535
15:46:40,23.068
15:46:50,23.055
15:47:00,23.058
15:47:10,23.071
15:47:20,28.877
15:47:30,20.187
15:47:40,20.214
15:47:50,17.324
15:48:00,20.18
15:48:10,14.419
15:48:20,20.205
15:48:30,31.729
15:48:40,31.751
15:48:50,25.989
15:49:00,23.071
15:49:10,23.101
15:49:20,23.073
15:49:30,31.729
15:49:40,28.87
15:49:50,25.946
15:50:00,20.214
15:50:10,28.832
15:50:20,20.173
15:50:30,20.189
15:50:40,23.076
15:50:50,23.073
15:51:00,23.068
15:51:10,20.216
15:51:20,20.205
15:51:30,11.53
15:51:40,14.418
15:51:50,17.328
15:52:00,23.058
15:52:10,25.934
15:52:20,14.421
15:52:30,20.189
15:52:40,23.076
15:52:50,40.378
15:53:00,28.864
15:53:10,34.614
15:53:20,25.952
15:53:30,25.983
15:53:40,31.761
15:53:50,34.59
15:54:00,23.094
15:54:10,17.32
15:54:20,17.303
15:54:30,20.214
15:54:40,20.185
15:54:50,23.076
15:55:00,25.949
15:55:10,31.751
15:55:20,37.447
15:55:30,25.96
15:55:40,25.986
15:55:50,43.311
15:56:00,20.178
15:56:10,20.203
15:56:20,23.094
15:56:30,31.722
15:56:40,28.832
15:56:50,28.848
15:57:00,40.039
15:57:10,34.641
15:57:20,20.212
15:57:30,23.071
15:57:40,17.305
15:57:50,11.549
15:58:00,28.825
15:58:10,23.096
15:58:20,28.88
15:58:30,20.212
15:58:40,23.078
15:58:50,14.419
15:59:00,17.324
15:59:10,23.081
15:59:20,20.182
15:59:30,25.954
15:59:40,28.845
15:59:50,17.305
16:00:00,28.822
16:00:10,28.842
16:00:20,23.073
16:00:30,17.317
16:00:40,17.32
16:00:50,14.435
16:01:00,17.324
16:01:10,17.332
16:01:20,20.191
16:01:30,14.424
16:01:40,20.189
16:01:50,17.301
16:02:00,17.305
16:02:10,37.54
16:02:20,23.101
16:02:30,20.18
16:02:40,20.198
16:02:50,20.216
16:03:00,20.187
16:03:10,23.071
16:03:20,23.099
16:03:30,25.952
16:03:40,25.981
16:03:50,28.842
16:04:00,23.084
16:04:10,17.305
16:04:20,17.32
16:04:30,23.112
16:04:40,28.838
16:04:50,23.101
16:05:00,17.295
16:05:10,23.06
16:05:20,25.989
16:05:30,23.055
16:05:40,17.295
16:05:50,14.426
16:06:00,17.303
16:06:10,17.309
16:06:20,34.637
16:06:30,23.091
16:06:40,20.218
16:06:50,20.2
16:07:00,25.937
16:07:10,20.216
16:07:20,25.986
16:07:30,25.981
16:07:40,17.295
16:07:50,20.189
16:08:00,14.409
16:08:10,17.303
16:08:20,17.311
16:08:30,14.421
16:08:40,17.326
16:08:50,11.549
16:09:00,14.421
16:09:10,17.328
16:09:20,20.214
16:09:30,17.326
16:09:40,14.426
16:09:50,17.305
16:10:00,14.432
16:10:10,17.328
16:10:20,17.324
16:10:30,11.538
16:10:40,20.209
16:10:50,14.44
16:11:00,11.533
16:11:10,14.44
16:11:20,11.535
16:11:30,14.414
16:11:40,14.43
16:11:50,17.322
16:12:00,11.538
16:12:10,14.449
16:12:20,14.429
16:12:30,11.551
16:12:40,11.538
16:12:50,11.527
16:13:00,14.429
16:13:10,17.315
16:13:20,11.551
16:13:30,11.539
16:13:40,11.538
16:13:50,11.552
16:14:00,14.435
16:14:10,14.442
16:14:20,11.574
16:14:30,11.538
16:14:40,17.322
16:14:50,11.535
16:15:00,14.429
16:15:10,14.435
16:15:20,14.442
16:15:30,11.537
16:15:40,14.336
16:15:50,14.437
16:16:00,17.324
16:16:10,14.424
16:16:20,14.44
16:16:30,14.438
16:16:40,17.305
16:16:50,17.318
16:17:00,14.414
16:17:10,11.534
16:17:20,11.538
16:17:30,11.553
16:17:40,11.505
16:17:50,11.553
16:18:00,14.421
16:18:10,14.44
16:18:20,11.549
16:18:30,11.533
16:18:40,11.548
16:18:50,11.551
16:19:00,8.661
16:19:10,11.551
16:19:20,11.551
16:19:30,14.429
16:19:40,11.498
16:19:50,8.662
16:20:00,14.422
16:20:10,11.546
16:20:20,11.537
16:20:30,11.549
16:20:40,14.416
16:20:50,11.553
16:21:00,11.552
16:21:10,14.418
16:21:20,8.663
16:21:30,8.656
16:21:40,11.537
16:21:50,11.539
16:22:00,11.533
16:22:10,11.537
16:22:20,8.665
16:22:30,11.534
16:22:40,14.424
16:22:50,11.539
16:23:00,20.178
16:23:10,14.421
16:23:20,14.419
16:23:30,11.534
16:23:40,11.531
16:23:50,17.285
16:24:00,11.529
16:24:10,20.171
16:24:20,11.542
16:24:30,11.529
16:24:40,17.281
16:24:50,11.543
16:25:00,11.527
16:25:10,14.427
16:25:20,11.562
16:25:30,17.318
16:25:40,14.409
16:25:50,11.533
16:26:00,17.313
16:26:10,17.295
16:26:20,8.649
16:26:30,11.551
16:26:40,31.704
16:26:50,11.538
16:27:00,14.409
16:27:10,8.649
16:27:20,11.526
16:27:30,20.2
16:27:40,11.544
16:27:50,11.541
16:28:00,11.527
16:28:10,11.541
16:28:20,11.529
16:28:30,8.645
16:28:40,14.429
16:28:50,8.647
16:29:00,11.544
16:29:10,11.535
16:29:20,11.544
16:29:30,11.53
16:29:40,8.651
16:29:50,11.546
16:30:00,8.656
16:30:10,11.531
16:30:20,11.527
16:30:30,8.653
16:30:40,11.542
16:30:50,8.644
16:31:00,8.649
16:31:10,8.646
16:31:20,11.539
16:31:30,14.424
16:31:40,8.641
16:31:50,8.657
16:32:00,8.646
16:32:10,11.53
16:32:20,8.642
16:32:30,8.64
16:32:40,11.525
16:32:50,8.655
16:33:00,8.656
16:33:10,8.646
16:33:20,8.653
16:33:30,11.525
16:33:40,14.406
16:33:50,8.649
16:34:00,11.539
16:34:10,11.53
16:34:20,8.648
16:34:30,11.543
16:34:40,8.646
16:34:50,11.521
16:35:00,8.658
16:35:10,11.522
16:35:20,11.527
16:35:30,8.656
16:35:40,11.542
16:35:50,8.646
16:36:00,11.53
16:36:10,14.432
16:36:20,14.427
16:36:30,14.401
16:36:40,14.403
16:36:50,11.541
16:37:00,11.539
16:37:10,8.649
16:37:20,8.646
16:37:30,11.542
16:37:40,11.541
16:37:50,8.649
16:38:00,8.641
16:38:10,11.525
16:38:20,8.656
16:38:30,8.654
16:38:40,8.655
16:38:50,8.645
16:39:00,8.646
16:39:10,11.543
16:39:20,8.642
16:39:30,8.648
16:39:40,11.529
16:39:50,8.642
16:40:00,8.648
16:40:10,11.52
16:40:20,8.64
16:40:30,11.525
16:40:40,11.539
16:40:50,8.673
16:41:00,8.646
16:41:10,14.427
16:41:20,11.542
16:41:30,11.527
16:41:40,14.413
16:41:50,11.518
16:42:00,8.654
16:42:10,11.568
16:42:20,8.655
16:42:30,8.651
16:42:40,11.535
16:42:50,14.406
16:43:00,11.526
16:43:10,11.537
16:43:20,14.422
16:43:30,11.535
16:43:40,14.422
16:43:50,8.646
16:44:00,8.644
16:44:10,11.537
16:44:20,17.218
16:44:30,17.309
16:44:40,11.527
16:44:50,11.533
16:45:00,11.524
16:45:10,11.53
16:45:20,25.94
16:45:30,8.648
16:45:40,11.522
16:45:50,14.429
16:46:00,11.542
16:46:10,11.539
16:46:20,11.525
16:46:30,17.293
16:46:40,11.525
16:46:50,8.647
16:47:00,11.529
16:47:10,8.653
16:47:20,11.522
16:47:30,8.645
16:47:40,11.635
16:47:50,14.406
16:48:00,11.541
16:48:10,11.534
16:48:20,11.524
16:48:30,14.396
16:48:40,8.652
16:48:50,11.526
16:49:00,8.644
16:49:10,11.524
16:49:20,8.654
16:49:30,8.645
16:49:40,8.644
16:49:50,8.652
16:50:00,8.638
16:50:10,8.644
16:50:20,8.641
16:50:30,11.526
16:50:40,11.533
16:50:50,8.655
16:51:00,8.643
16:51:10,8.655
16:51:20,8.656
16:51:30,8.642
16:51:40,11.527
16:51:50,8.647
16:52:00,8.647
16:52:10,8.658
16:52:20,8.66
16:52:30,8.647
16:52:40,11.533
16:52:50,11.531
16:53:00,11.505
16:53:10,11.534
16:53:20,8.648
16:53:30,8.651
16:53:40,11.531
16:53:50,8.661
16:54:00,23.096
16:54:10,11.531
16:54:20,8.655
16:54:30,11.552
16:54:40,8.66
16:54:50,8.656
16:55:00,11.543
16:55:10,8.655
16:55:20,23.114
16:55:30,11.546
16:55:40,11.548
16:55:50,14.435
16:56:00,8.669
16:56:10,11.547
16:56:20,8.668
16:56:30,8.671
16:56:40,11.566
16:56:50,8.659
16:57:00,11.563
16:57:10,11.551
16:57:20,11.556
16:57:30,11.562
16:57:40,8.676
16:57:50,11.567
16:58:00,11.568
16:58:10,11.556
16:58:20,11.553
16:58:30,17.351
16:58:40,11.549
16:58:50,11.555
16:59:00,8.665
16:59:10,8.67
16:59:20,11.552
16:59:30,11.566
16:59:40,11.552
16:59:50,14.463
17:00:00,11.568
17:00:10,11.544
17:00:20,11.546
17:00:30,11.57
17:00:40,17.332
17:00:50,11.551
17:01:00,11.562
17:01:10,11.553
17:01:20,8.669
17:01:30,14.459
17:01:40,11.556
17:01:50,8.661
17:02:00,11.551
17:02:10,14.435
17:02:20,8.658
17:02:30,14.457
17:02:40,11.562
17:02:50,8.663
17:03:00,11.552
17:03:10,11.565
17:03:20,11.563
17:03:30,14.442
17:03:40,11.551
17:03:50,43.348
17:04:00,14.435
17:04:10,8.67
17:04:20,11.549
17:04:30,14.432
17:04:40,8.663
17:04:50,14.437
17:05:00,14.454
17:05:10,8.673
17:05:20,8.656
17:05:30,11.548
17:05:40,8.67
17:05:50,8.672
17:06:00,14.435
17:06:10,8.657
17:06:20,11.561
17:06:30,8.663
17:06:40,8.665
17:06:50,14.443
17:07:00,14.434
17:07:10,17.317
17:07:20,8.67
17:07:30,8.671
17:07:40,11.558
17:07:50,11.549
17:08:00,11.548
17:08:10,8.671
17:08:20,11.558
17:08:30,11.543
17:08:40,11.544
17:08:50,8.657
17:09:00,14.434
17:09:10,8.668
17:09:20,8.669
17:09:30,11.553
17:09:40,8.659
17:09:50,8.655
17:10:00,8.653
17:10:10,11.547
17:10:20,8.669
17:10:30,11.546
17:10:40,8.67
17:10:50,14.457
17:11:00,11.558
17:11:10,17.318
17:11:20,11.547
17:11:30,14.437
17:11:40,8.66
17:11:50,11.546
17:12:00,8.666
17:12:10,11.557
17:12:20,11.546
17:12:30,14.448
17:12:40,14.435
17:12:50,11.547
17:13:00,8.661
17:13:10,8.67
17:13:20,11.544
17:13:30,11.555
17:13:40,11.549
17:13:50,14.435
17:14:00,8.665
17:14:10,11.543
17:14:20,11.551
17:14:30,14.429
17:14:40,17.345
17:14:50,11.563
17:15:00,11.543
17:15:10,14.442
17:15:20,11.56
17:15:30,14.435
17:15:40,11.561
17:15:50,8.632
17:16:00,8.657
17:16:10,11.547
17:16:20,17.337
17:16:30,11.558
17:16:40,28.905
17:16:50,8.665
17:17:00,14.446
17:17:10,11.562
17:17:20,14.451
17:17:30,11.557
17:17:40,8.664
17:17:50,11.548
17:18:00,8.656
17:18:10,14.449
17:18:20,11.544
17:18:30,8.641
17:18:40,8.672
17:18:50,11.562
17:19:00,11.556
17:19:10,11.547
17:19:20,17.317
17:19:30,17.318
17:19:40,11.56
17:19:50,23.081
17:20:00,8.672
17:20:10,11.541
17:20:20,11.548
